SNP	TF_WT	TF_SNP	N_diff_motifs	N_diff_TF
rs145397547	{'ZNF3', 'TBX20'}	set()	2	2
rs185575325	{'ZNF441', 'PROX1'}	set()	2	2
rs201571665	set()	set()	23	0
rs112314091	{'TP63', 'TP53'}	set()	2	2
rs11191484	set()	{'TP63', 'TP53', 'ZNF264'}	-2	-3
rs11191543	{'GLI4', 'ZNF780A'}	{'ZSCAN16', 'NR1I3'}	1	0
rs11191559	{'ZNF776', 'ZNF611', 'ZNF430', 'ZNF662'}	{'ZNF90'}	3	3
rs11191564	{'TLX1', 'RUNX3'}	{'LHX6'}	-2	1
rs10883835	{'POU4F1'}	set()	1	1
rs11191580	{'SKOR1'}	set()	1	1
rs79680647	set()	{'TCF4', 'ATOH7', 'TBX6', 'TBX2', 'ZNF18', 'TBX4', 'MEIS3', 'TCF3', 'SNAI2', 'ZNF322', 'ZNF222', 'TGIF1', 'PKNOX2', 'TBX15', 'EOMES', 'TBX5', 'SNAI1', 'TBR1', 'MESP1', 'TBX21', 'ZEB1', 'FIGLA', 'TBX1'}	-31	-23
rs11191587	{'MEF2D', 'ZNF799', 'MEF2A'}	set()	3	3
rs34747231	{'RFX1', 'ZNF555', 'PAX2', 'PAX6', 'ZNF35', 'PAX1'}	{'ZNF548', 'ZNF16', 'ZNF180', 'ZNF213', 'ZNF114', 'ZIM2'}	-1	0
rs12705390	set()	{'ZNF705G', 'GATA1', 'ZNF35'}	-3	-3
rs35350651	{'HOXA1'}	{'PBX1', 'ISL1', 'NKX2-1', 'HMX1', 'HMX3', 'ISL2'}	-16	-5
10:112678405:C:G	set()	{'ZNF548'}	-2	-1
rs11102494	{'ZNF805', 'ZNF582', 'GLI2', 'GLI1'}	{'ZNF774', 'ZNF554', 'ZNF19', 'RREB1', 'ZNF787', 'ZNF513', 'ZNF254'}	0	-3
rs60900293	{'TP63', 'ZNF329', 'ZNF283'}	set()	4	3
rs36029940	{'ZNF487'}	{'ZNF558', 'ZNF879'}	1	-1
rs6693880	{'ZNF384'}	{'ZNF75A'}	1	0
rs34569066	{'ZNF324B'}	{'ARID5A'}	0	0
rs12728311	{'ZNF582'}	{'ZNF273', 'TGIF1', 'PKNOX2', 'ZNF222', 'ZBTB18', 'ZBTB42'}	-6	-5
rs12125361	set()	set()	0	0
rs149693884	{'INSM1', 'ZSCAN30', 'MBD2', 'ZNF341', 'ZNF383', 'ZNF454', 'ZBTB48', 'CTCF', 'ZNF707'}	{'ZNF543', 'ZNF550'}	4	7
rs11102513	set()	{'POU3F2', 'POU2F3', 'POU5F1B', 'POU3F4'}	-4	-4
rs2887882	{'ZNF283', 'ZNF445', 'ZNF121'}	set()	3	3
rs74671105	set()	set()	-3	0
rs10745332	{'KLF10', 'ZFP1'}	{'CEBPB', 'CEBPD', 'PRDM6', 'CEBPG', 'SP1', 'CEBPE'}	-4	-4
rs61818805	set()	set()	-1	0
rs2306937	{'RFX1', 'ZNF430', 'ZNF181'}	set()	5	3
rs1690664	set()	set()	0	0
rs6699618	{'ZNF10'}	set()	1	1
rs55741089	{'ZNF524'}	{'NR1H2', 'TERF2'}	0	-1
rs28439855	{'FOXH1'}	{'ZNF211', 'BCL6', 'ZNF570', 'ZNF8', 'BCL6B'}	-4	-4
rs10003742	{'ZNF611', 'ZNF594'}	{'ZNF90', 'ZNF304', 'ZNF571', 'ZNF770', 'ZNF484', 'ZNF341', 'ZNF12'}	-3	-5
rs143598222	{'ZNF582'}	{'TFAP2A', 'ZNF135'}	-1	-1
rs7341594	set()	set()	1	0
rs73709783	{'ZNF620'}	{'CDC5L'}	0	0
rs6843229	set()	{'MZF1', 'ZSCAN5A', 'ZNF653', 'ZNF71'}	-1	-4
rs7815177	{'TBX5', 'TBX6', 'TBX21', 'TBX15', 'TBX1', 'TBX4'}	{'NKX2-1', 'HMX1'}	4	4
8:120437596:C:CG	{'ZNF879', 'ZNF71', 'ZNF197', 'ZNF562', 'ZFP69'}	{'FOXP1', 'ZNF492'}	6	3
rs3836707	{'ZNF496', 'BPTF'}	{'ZNF334'}	10	1
rs59590064	{'ZKSCAN2', 'FOXJ1'}	{'FEZF1', 'POU1F1', 'ZNF487'}	1	-1
3:12705739:G:T	set()	{'ZNF341', 'GLI4'}	-2	-2
rs6882394	set()	{'ZNF184'}	-1	-1
rs6595829	set()	{'POU3F3', 'POU2F2', 'POU5F1B', 'POU4F2'}	-7	-4
rs12706973	{'FOXP3', 'SOX2'}	set()	3	2
rs9881896	{'TOPORS'}	{'BORCS8-MEF2B', 'MEF2A'}	-1	-1
rs35432681	{'MEIS3', 'TGIF1', 'ALX1', 'PKNOX2', 'RHOXF2', 'ARX'}	{'ZNF44', 'DDIT3', 'TCF12', 'ZNF619'}	6	2
rs546076145	{'ZNF605', 'ZNF506', 'ZBTB7C', 'ZNF468', 'ZNF341', 'ZNF213'}	{'ZBTB3', 'ELF1'}	20	4
rs62527033	{'ZNF519', 'ZNF219', 'ZNF202', 'ZNF770', 'ZNF93', 'ZNF563', 'ZNF141', 'ZNF468', 'TFCP2', 'ZNF439', 'ZNF566', 'ZNF460', 'ZNF444', 'ZNF737', 'ZNF311'}	{'NR2C1', 'ZNF669', 'MBNL2', 'ZKSCAN5', 'ZNF257'}	10	10
rs11462768	{'ZFP82', 'RBAK', 'FOXJ2', 'ZNF418'}	{'ZNF197'}	-8	3
rs17795091	{'TEAD1', 'TEAD4', 'TEAD2', 'FEZF1', 'TEAD3'}	set()	4	5
rs17080069	set()	{'CREBZF'}	-1	-1
rs17080087	{'GSX1', 'HOXC10', 'NKX6-1'}	set()	4	3
rs75608245	{'RXRG', 'NR1H2', 'RXRA', 'PPARA', 'NR2C2', 'NR2F6', 'NR2F1'}	{'ZNF626', 'NR1D1'}	5	5
rs13203975	{'ZFP90', 'ZNF768', 'TOPORS', 'ZNF584', 'ZNF324B'}	set()	4	5
rs6941045	{'IRX1', 'BHLHA15'}	{'TCF4', 'ZNF799', 'ATOH7', 'TCF3', 'HAND1', 'SNAI1', 'MESP1', 'SNAI2', 'TCF12', 'RBAK', 'FIGLA'}	-10	-9
rs9371238	{'ZNF334'}	{'LCOR'}	0	0
rs9397080	set()	{'FOXP3', 'ZNF620'}	-3	-2
rs11311524	set()	{'ZNF324', 'ZNF7'}	-3	-2
rs9397484	{'MEOX2', 'HOXA1', 'HOXA10', 'LMX1B', 'GSX1', 'SKOR2', 'LMX1A', 'ALX1', 'GSX2', 'HOXA2', 'SKOR1', 'MNX1', 'VAX2', 'LHX1', 'NKX6-1', 'VAX1', 'DBX1', 'ARGFX', 'PDX1'}	{'TLX1'}	29	18
rs9478274	set()	{'ZFP14'}	-1	-1
rs9478280	{'ELK1', 'ETV5', 'ELF5', 'ZNF200', 'ZNF486', 'FLI1', 'ETV6', 'ELF1', 'ZNF341', 'ELK4', 'EHF', 'SPDEF', 'ELF3'}	set()	20	13
rs75819951	{'ELK1', 'ETV2', 'ZNF486', 'ETV6'}	{'ZNF133', 'ZNF235'}	4	2
rs59223084	{'IRF1', 'ZIM3', 'SPIC'}	{'FOXJ2'}	-37	2
rs112967744	{'ZNF774', 'ZNF19', 'ZNF787', 'ZNF444', 'ZNF254'}	{'ZBTB34', 'GLI1', 'ZFX', 'ZNF582', 'GLI2', 'ZNF460'}	-2	-1
rs143112823	{'ZSCAN22', 'ZNF519', 'ZNF774', 'TFAP2A', 'ZNF19', 'ZNF787', 'ZNF180', 'ZNF28', 'ZNF444', 'ZNF283'}	{'ZNF730'}	9	9
1:156084435:A:G	set()	{'ZNF141'}	-1	-1
rs13139571	{'PRDM1', 'ZFP2', 'ZNF714', 'PRDM6', 'STAT2'}	{'LIN54'}	6	4
rs10016975	{'ZNF302', 'ZNF805', 'HES6'}	{'CLOCK', 'ZNF808'}	1	1
rs113455842	{'ZNF212'}	{'ZNF880', 'ZNF133', 'ZNF823', 'ZNF71', 'ATF4', 'SPIC', 'ZNF132', 'BCL11A', 'ZNF513'}	-3	-8
rs12187534	set()	{'ZNF273', 'ZNF708'}	-2	-2
rs3753326	{'BACH1', 'NKX6-1'}	{'ZNF880', 'ESR1', 'HOXA10', 'GATA1', 'ZNF337', 'EVX1', 'MEOX2'}	-5	-5
rs60125415	{'MEIS3', 'FIGLA', 'TCF4', 'TGIF1', 'ATOH7', 'TCF3', 'ALX1', 'SNAI1', 'PKNOX2', 'MESP1', 'SNAI2', 'ZNF85', 'ZEB1', 'RHOXF2'}	{'RHOXF1', 'GSC', 'PITX1'}	15	11
rs72865184	{'ZNF441'}	{'ZNF528', 'ZNF791', 'ZNF468'}	-9	-2
rs75461554	{'ALX1', 'ZNF85', 'ZNF582', 'RHOXF2', 'ARX'}	set()	7	5
rs633880	set()	{'SREBF2', 'IRF5', 'TFEB', 'BHLHE41', 'TFEC', 'IRF4', 'TFE3'}	-9	-7
rs72095221	{'ZNF570', 'ZNF71', 'ZNF567', 'ZNF487', 'ZNF235', 'ZFP28', 'ZNF492'}	set()	52	7
6:159699751:C:CATCTATCTA	set()	set()	-2	0
rs12987577	{'ZNF554'}	{'ARID5A'}	-1	0
rs71018315	{'ZNF7'}	{'NFYC', 'CEBPZ', 'NFYB'}	-3	-2
rs201851243	set()	{'ZNF320'}	-23	-1
rs199961044	set()	set()	-41	0
rs13017024	{'NR5A1'}	{'ZNF711', 'PLAG1', 'ZNF519'}	-5	-2
rs1014988	{'ZNF69', 'ZNF791', 'MTF1', 'ZNF454'}	{'ZFP69B', 'NR1I2', 'ZNF808', 'ZNF615', 'NFIB'}	0	-1
rs139385870	{'ZNF449', 'MAZ', 'ZNF304', 'ZNF219', 'ZNF417', 'SP2', 'ZNF550', 'ZNF587', 'ZNF181', 'KLF11', 'ZNF786', 'ZIC1', 'KLF1', 'SP1'}	{'ZNF23', 'ZNF320'}	25	12
rs7626980	set()	set()	-1	0
rs10582058	set()	{'FOXB1'}	-3	-1
rs4955655	{'ZNF383', 'ZNF74'}	{'ZNF530'}	0	1
rs7672462	set()	{'ZNF384', 'ZNF182'}	-2	-2
rs56197583	{'ZNF10', 'ZNF135', 'NR6A1'}	{'RORA', 'NR1D1', 'ZNF224'}	-2	0
rs112299234	{'ZNF445'}	{'ZNF486'}	0	0
rs72812805	set()	set()	1	0
rs10516107	{'ZNF345'}	{'MAF'}	-1	0
rs747472	set()	set()	0	0
rs72812826	{'IRF1', 'SPIC', 'ZIM3', 'FOXD3', 'FOXH1'}	{'MEF2D', 'MEF2A'}	3	3
rs56196025	set()	{'TP63', 'ZNF283'}	-1	-2
rs72812852	{'IRF3', 'ZSCAN1'}	{'FOXB1', 'NKX6-1', 'FOXL1', 'FOXA1', 'ZNF337'}	-3	-3
rs34849348	set()	{'HHEX', 'ZBTB6'}	-2	-2
rs114412892	{'ZNF441', 'ZNF121'}	set()	2	2
rs34135959	{'ZNF555'}	{'ZNF534', 'ZNF527', 'ZNF71'}	-4	-2
rs833168	set()	{'ZFP28'}	-2	-1
rs7567059	set()	set()	0	0
rs148619709	set()	{'ZNF879'}	-4	-1
rs113513615	{'NR2C1', 'NR2F1', 'ZNF774', 'MITF'}	{'ZNF177', 'ZNF586'}	5	2
rs75488522	{'ZNF79', 'ZNF879'}	set()	12	2
rs6136756	{'FOXL2', 'TFCP2'}	{'ZNF175', 'PBX3', 'ZNF805', 'ZFP69B'}	-2	-2
rs10770592	{'ZNF182', 'ZNF225'}	{'ARID3A'}	7	1
rs4595618	{'HSFY1', 'ZNF766', 'PRDM14'}	{'MYNN', 'ZNF177'}	2	1
rs7965640	{'XPA'}	{'ZNF287', 'ZNF394', 'ZNF225'}	-2	-2
rs11044981	set()	set()	0	0
rs10743349	{'ZNF79', 'ZNF879', 'ONECUT1', 'ZNF487', 'NR2E3'}	{'ZNF235', 'ZNF287', 'CDC5L'}	1	2
rs7980003	set()	{'MYNN'}	-1	-1
rs10841441	set()	{'ZNF184'}	-4	-1
rs7204775	{'ZNF224'}	{'ZNF10'}	1	0
rs3845811	{'ZNF324', 'ZNF175', 'PAX9'}	set()	3	3
rs13423742	set()	set()	0	0
rs1250231	{'NR2C1', 'ZNF90', 'ZNF675', 'NR1D1', 'ZNF383', 'MITF'}	{'ESRRA', 'NR4A1', 'NR5A1', 'ESRRB'}	0	2
rs74727121	{'ZNF283', 'ZNF777', 'ZBTB4'}	set()	5	3
rs2636321	{'ZNF430', 'ZNF787'}	{'NR2C1', 'NR2F1'}	-1	0
rs2451668	{'NFYC', 'TLX1'}	{'MYC'}	1	1
rs2451669	set()	{'ZNF597', 'ATF1', 'ZNF225'}	-3	-3
rs56214615	{'GLI1', 'ZFP14', 'GLI2', 'ZNF383', 'ZNF460', 'ZNF611', 'ZNF30'}	{'ZNF774', 'ZNF554', 'ZNF254', 'ZNF19', 'TFDP1', 'PURA', 'ZNF283'}	3	0
rs114577122	{'RHOXF2'}	{'ZNF605', 'GSC2', 'RHOXF1', 'GSC', 'PITX1', 'KLF14'}	-16	-5
rs6737356	{'TFE3', 'TFEB'}	set()	2	2
rs61712548	set()	{'ZBTB22'}	-1	-1
rs2032451	{'PLAG1', 'ZNF519', 'IKZF1', 'ZNF770', 'ZNF787', 'ZNF180', 'ZFP14', 'ZNF460', 'ZNF311', 'ZNF662'}	set()	19	10
rs12476527	{'HIC2'}	set()	10	1
17:29421893:G:A	{'ZSCAN30', 'HAND1'}	{'ZNF790', 'ZNF331'}	-1	0
rs4711277	{'PLAG1', 'ZNF219', 'IKZF1', 'ZNF860', 'E2F6', 'PRDM9'}	{'ZNF10', 'ZNF444'}	7	4
rs1794530	{'GLI2', 'IKZF1', 'GLI1'}	{'ZNF304', 'ZNF792', 'ZNF283', 'ZNF765', 'ZNF180', 'ZSCAN5A', 'ZNF419', 'ZNF343', 'ZNF596', 'PLAGL1', 'ZNF611', 'ZNF311', 'ZNF527'}	-11	-10
rs1794528	set()	{'IKZF1'}	-3	-1
rs9275576	{'IRF3', 'NFE2', 'ZNF484', 'SOX15'}	{'GFI1', 'ZNF143'}	2	2
rs10059884	{'NR6A1', 'CREB3L1'}	{'IRF1', 'MYNN', 'PRDM1', 'ZNF133', 'ARID3A', 'STAT2'}	-4	-4
22:34316416:C:T	{'ZNF2', 'ZNF587', 'ZNF776', 'ZNF740', 'ZNF749', 'SP8'}	{'ZNF454'}	26	5
22:34316687:G:A	{'ZBTB7B', 'GLIS2', 'ZBTB7A', 'ZNF484', 'GLIS1', 'ZBTB7C', 'SP3', 'ZNF784', 'KLF17', 'KLF15', 'KLF1', 'ZNF524'}	{'ZSCAN10', 'ZNF266', 'ZNF616', 'ZNF85', 'ZNF264'}	26	7
rs4360494	{'ZNF430', 'ZNF605', 'TFAP2A', 'ZSCAN30', 'ZNF563', 'ZNF85', 'ZNF436', 'ZNF479', 'TFAP2C', 'PLAGL1', 'PRDM4'}	{'CXXC1'}	19	10
rs766532079	{'ZNF776'}	{'ATOH1', 'CXXC1', 'EGR3', 'ZBTB42'}	6	-3
rs78360249	{'ZNF25', 'ZFP28'}	{'ZNF175', 'ZNF98', 'ZNF492'}	-16	-1
rs17171703	{'ZNF157', 'ZNF280A', 'ZNF274'}	{'FOXC2', 'FOXD1', 'ZNF567', 'FOXC1', 'FOXI1', 'FOXA1'}	-6	-3
rs12234460	{'FOXB1'}	{'ARID5A', 'ZNF410', 'ZNF879'}	-6	-2
rs77423178	set()	set()	0	0
rs1319467	{'E2F7', 'ZNF784'}	set()	2	2
rs9848754	{'ZNF382'}	{'PRDM6'}	1	0
rs9847006	set()	{'ZNF716'}	-1	-1
rs60458744	{'PRDM6', 'ZNF79', 'ZNF879'}	set()	10	3
rs9866759	set()	set()	0	0
rs7651190	{'TGIF1', 'PKNOX2', 'ZNF222', 'ZBTB18', 'ZBTB42'}	{'ZNF614'}	4	4
rs9847975	set()	set()	0	0
rs6599176	set()	{'NFATC1', 'E2F7', 'E2F8', 'HOXD8'}	-6	-4
rs17280952	{'NKX2-1'}	{'MYF5', 'ATOH7'}	0	-1
rs59432762	{'ZNF429', 'ZNF805'}	{'TP63'}	-4	1
rs111877184	{'ZBTB14', 'ZNF540'}	set()	1	2
rs7631057	{'FOXL2', 'FOXO3', 'FOXD1', 'FOXK1', 'ZNF98', 'BPTF', 'FOXI1', 'FOXP1'}	set()	11	8
rs73071337	{'ZNF527'}	set()	4	1
rs145343528	{'ZNF154', 'ZNF764'}	set()	2	2
rs149946355	set()	{'ZNF311'}	-1	-1
rs4621303	{'BCL11A', 'PRDM1', 'IRF7'}	set()	-30	3
rs149544106	{'SRY', 'SOX7', 'ZNF334', 'ZNF225'}	{'SHOX2', 'VSX2', 'VSX1', 'PHOX2A', 'PAX4', 'NOTO', 'LBX1', 'GSX1', 'LMX1B', 'LMX1A', 'ARID3A', 'ALX1', 'RAX', 'ARID5A', 'RAX2', 'GSX2', 'PRRX1', 'ZNF235', 'UNCX', 'MNX1', 'LHX1', 'LHX6', 'NKX6-1', 'LHX2', 'ZFHX2', 'DBX1', 'ARGFX', 'MEOX2'}	-37	-24
rs6599178	{'IRF1'}	{'FOXP3'}	1	0
rs7646144	set()	{'STAT5A', 'NFAT5', 'STAT4', 'STAT6'}	-4	-4
rs73079325	{'ZNF432', 'POU6F1'}	{'HMX3', 'NKX2-1', 'ISL1', 'HMX1'}	-3	-2
rs6805880	set()	{'PRDM9'}	-1	-1
rs6768542	{'ZBTB34', 'TLX1', 'ZNF121'}	{'CEBPZ'}	2	2
rs116393551	{'NFYC'}	{'ZNF75A', 'DMRTC2'}	-1	-1
rs143271155	set()	{'ZNF770', 'EGR1', 'EGR3'}	-3	-3
rs138163590	{'ZNF200', 'ZNF713', 'FOXF1', 'SOX11', 'SOX10', 'ZNF74'}	set()	6	6
rs138573207	{'ZNF148', 'SP3', 'SP4', 'KLF16', 'ZNF93', 'KLF15', 'CTCF', 'SP8'}	{'MBNL2', 'ZNF37A', 'ZNF596', 'ZBTB18', 'ZNF662'}	3	3
rs145078793	{'ZNF10', 'ZNF148', 'ZKSCAN3', 'SP3', 'SP4', 'KLF16', 'KLF15', 'SP8'}	{'ZNF331'}	10	7
rs56036624	{'ZNF765', 'ZNF780A'}	{'MEIS1'}	3	1
rs6797165	set()	{'ZNF84', 'ATF4'}	5	-2
rs6802340	{'POU2F2', 'POU3F4'}	{'ZNF79'}	1	1
rs57162396	{'ZNF787'}	{'FOXH1'}	0	0
rs145765616	{'ZNF90', 'ZNF219'}	{'ZNF284', 'ZBTB4', 'GLIS2', 'GLIS1', 'ZNF44', 'ZNF582', 'ZNF383', 'ZNF529'}	-8	-6
rs17283243	{'ZNF329'}	{'BARHL1', 'HMX1', 'BARX1', 'HOXA10', 'MSX1', 'GSX1', 'BARHL2', 'ZNF562', 'MSX2', 'TLX1', 'ISL1', 'GBX1', 'LHX1', 'HOXB3', 'DLX1', 'NKX1-1', 'VAX1', 'DBX1', 'PDX1'}	-25	-18
rs1716641	set()	set()	0	0
rs73083326	{'ZFP90', 'TGIF1', 'PKNOX2', 'ZNF563', 'ZNF778'}	set()	7	5
rs9839491	{'ZNF383', 'MITF'}	{'T'}	1	1
rs56167033	{'TFAP2A', 'ZNF805', 'ZNF582', 'ZNF519'}	{'ZFP14', 'ZNF416', 'TLX1', 'ZNF730'}	4	0
rs62258655	{'ZNF93', 'PLAG1', 'ZNF823'}	{'BCL11A', 'ZIC1', 'ZNF707'}	4	0
rs1717002	{'ZNF19'}	{'ZNF197'}	0	0
rs71075493	{'ZNF567'}	set()	10	1
rs77778906	{'CPEB1', 'ZNF879', 'ZNF184', 'ZNF235', 'ZNF334'}	{'ZFP69'}	4	4
rs79741604	{'TOPORS'}	{'LCOR', 'SOX3'}	-1	-1
rs1717012	{'ZNF181', 'ZNF787', 'ZNF180', 'ZFP14', 'ZNF383', 'ZNF596', 'ZNF566', 'ZNF460', 'ZNF611', 'ZNF662'}	{'ZNF429', 'ZNF17'}	9	8
rs145940573	{'ZNF28', 'ZNF519', 'ZFX'}	{'TLX1', 'ZNF730'}	1	1
rs73069240	{'ZNF770', 'ZNF419', 'ZNF383', 'ZNF197'}	{'ZNF416', 'ZNF614'}	2	2
rs75651509	set()	set()	0	0
rs55820810	{'PRDM9', 'ZNF30', 'ZNF506', 'ZNF23'}	{'SMAD1', 'ZNF615'}	3	2
rs1612124	{'BPTF'}	{'ZNF235', 'ZNF287', 'ZNF490'}	-2	-2
rs1716652	set()	set()	12	0
rs17218264	{'FOXP3', 'ZNF287'}	set()	2	2
rs10707754	{'ZNF175', 'YY1'}	set()	1	2
rs73071238	{'ZNF98', 'SOX18'}	{'ZNF525'}	1	1
rs6599192	{'TFAP2A', 'ZNF429', 'PLAG1', 'ZNF383'}	{'ZNF527', 'ZNF774', 'NR1D1', 'ZNF121'}	1	0
rs73071239	{'ZNF430', 'ZNF891', 'ZNF586', 'ZNF792', 'ZNF675', 'ZNF436'}	{'REST'}	5	5
rs151207782	{'MEF2A', 'ZNF716', 'HMGA1', 'ZNF487', 'MEF2D'}	{'ZNF182', 'FOXJ1'}	3	3
rs73830585	set()	{'MYBL2', 'ZNF589', 'PRDM4'}	-3	-3
rs60874661	{'ZSCAN30', 'ZNF506', 'ZFP28'}	{'ZNF586', 'ZNF782', 'ZNF250', 'BPTF', 'NFIB', 'ZSCAN31', 'NFIX'}	-11	-4
rs10510733	set()	set()	-2	0
rs58916656	{'ARX', 'ALX1', 'RHOXF2'}	{'BARHL1', 'ZNF284', 'NANOG', 'ZNF76', 'ZNF222'}	0	-2
rs13084436	{'FOXL1', 'FOXC1'}	{'POU3F2', 'FOXR1', 'POU3F1'}	6	-1
rs794897	{'BACH1', 'ZNF558', 'ZNF320'}	set()	3	3
rs794896	set()	{'TCF4', 'TCF3', 'TFAP2A', 'SNAI1', 'MESP1', 'SNAI2', 'TCF12', 'ZNF692', 'FIGLA', 'BCL11A', 'ZNF444', 'ZNF333'}	-18	-12
rs794895	{'HOXD8', 'ZNF487'}	set()	-1	2
rs794894	{'RBPJL'}	{'BCL6B', 'BCL6'}	1	-1
rs11926737	{'ZNF267', 'ZNF30', 'ZNF792', 'ZNF71'}	{'PBX1', 'ZIM2'}	4	2
rs115702638	{'ZNF98', 'ZNF677', 'BPTF'}	{'HMGA1'}	3	2
rs868533	{'ZNF597'}	{'ZNF528', 'ZNF225'}	-3	-1
rs11409108	{'ZNF749'}	{'RELB', 'ZNF705G', 'GCM2', 'RELA'}	-4	-3
rs2278890	{'ZNF501', 'ZNF331'}	{'ZNF587', 'GLI2', 'GLI1'}	6	-1
rs7947450	{'T', 'ZNF141'}	{'MYCL', 'MYC'}	4	0
rs6782998	{'ZNF10', 'NR6A1'}	{'ZNF224', 'ZNF276'}	-1	0
rs6792737	{'ARX', 'ALX1', 'RHOXF2'}	{'ZNF799', 'MAFF', 'ZNF445', 'MAF'}	-1	-1
rs34296904	set()	{'ZNF613', 'ZNF98', 'ZNF487', 'ZNF235', 'PRDM6', 'ZNF677'}	-8	-6
rs62263561	{'ZNF749', 'ZNF181'}	set()	2	2
rs73085151	{'ZNF716'}	{'ZIM3', 'ZNF182'}	-3	-1
rs6442085	{'ZNF519', 'ZNF554', 'GLI1', 'TFAP2A', 'ZNF181', 'ZNF596', 'ZNF12', 'ZNF527'}	{'ZNF730', 'ZNF675', 'ZNF121'}	6	5
rs34906469	{'RORA', 'ZNF224'}	{'ZNF445'}	1	1
rs6776963	set()	{'ZSCAN30', 'ZBTB12', 'ZNF333'}	-3	-3
rs72906488	set()	{'ZNF776', 'ZNF93', 'ZNF529', 'ZNF582'}	-6	-4
rs61181421	{'CLOCK', 'TFEB', 'MNT', 'SREBF1', 'BHLHE41', 'MLX', 'MYCL', 'BHLHE40', 'USF1', 'MLXIPL', 'HES1', 'SREBF2', 'TCFL5', 'HES5', 'HES7', 'HES6', 'CCDC169-SOHLH2', 'HELT', 'MLXIP', 'TFEC', 'ARNT', 'TFE3', 'MITF', 'MXD1'}	{'MEIS3', 'ATOH1', 'TGIF1', 'PKNOX2', 'ZNF141', 'TCF12', 'ZEB1', 'BATF3'}	61	16
rs13079407	{'TLX1', 'ZNF416', 'ZNF219', 'ZNF571', 'ZNF394', 'ZNF784', 'SP1'}	{'ZNF805', 'TBX5'}	6	5
rs319688	{'ZNF587', 'ZNF765', 'ZNF7'}	{'ZNF44', 'ZNF17'}	0	1
rs319696	set()	{'OSR1'}	-1	-1
rs6773208	set()	{'ZNF707', 'SIX1'}	-1	-2
rs6442090	{'DDIT3', 'ZFX', 'KMT2A'}	{'ARX', 'RHOXF2', 'ALX1', 'ZNF85'}	-3	-1
rs9860485	{'MAZ', 'PATZ1'}	set()	14	2
rs7430879	{'ZSCAN31', 'TFAP4', 'RBPJL'}	{'NFATC1', 'ZFP82'}	2	1
rs13075457	{'FOXH1'}	{'ZNF615'}	1	0
rs4392441	{'ZNF547'}	set()	1	1
rs9828959	{'ATF6', 'FOSL2', 'XBP1', 'ATF1', 'CREB3', 'BATF3', 'ATF2'}	{'ZNF317'}	17	6
rs7642590	{'LCOR'}	{'ZNF354A'}	-1	0
rs59476975	{'FOXB1', 'FOXA1'}	set()	8	2
rs7618163	{'ZNF90', 'ZNF605', 'ZNF23', 'ZNF19', 'ZNF394'}	{'ZSCAN22', 'TFAP2A', 'ZNF37A', 'ZFX', 'ZNF787', 'ZNF776', 'TFDP1', 'ZNF341', 'PURA', 'ZNF260', 'EGR3', 'ZNF662'}	-12	-7
rs6442099	{'PRDM14'}	set()	1	1
rs11294816	{'IRF3', 'ZNF98', 'ZNF71'}	set()	11	3
rs7630685	{'SIX1'}	{'ZNF135', 'ZNF224', 'ZNF276'}	-3	-2
rs13080997	{'ZNF304', 'ZNF792'}	{'ZNF260', 'JUN'}	0	0
rs2361683	{'TBX5', 'ZNF555', 'TBX4'}	{'ZNF805', 'ZNF558'}	3	1
rs2034963	{'TP63', 'ZNF711', 'ZNF311'}	{'SP1', 'ZNF224'}	1	1
rs35478736	set()	set()	-6	0
rs4858891	{'ZNF276'}	{'ZNF25'}	-1	0
rs4858892	set()	{'ZBTB34', 'ZNF791'}	-3	-2
rs9839446	{'LIN54', 'HNF1A'}	{'MEF2A', 'ZNF716', 'ZNF487', 'MEF2D', 'BORCS8-MEF2B', 'FOXJ2', 'FOXR1'}	-4	-5
rs9839447	{'HNF1A'}	set()	1	1
rs199516630	set()	set()	17	0
rs56286136	{'HMG20B'}	{'ZNF567'}	0	0
rs7170686	{'FOXN2', 'CTCF', 'ZNF548'}	set()	4	3
rs5013674	{'ZBTB7B', 'DNMT1', 'SP2', 'EGR2', 'ZNF441', 'RREB1', 'ZNF543', 'KMT2A', 'EGR1', 'ZNF529', 'KLF1', 'EGR3', 'ZNF300'}	{'ZNF10', 'ZNF398', 'ZNF419', 'PLAGL1', 'ZNF566', 'ZNF780A'}	70	7
rs916217	set()	{'ZNF81'}	-1	-1
rs2282762	{'ZNF254', 'ZNF774', 'ZNF823'}	{'GLI1', 'ZFX', 'ZNF582', 'GLI2', 'ZNF596'}	-2	-2
rs72675514	{'PAX3', 'POU4F2', 'ZFHX3', 'PAX7', 'DBX1', 'ARID3A'}	{'DRGX', 'ZNF525', 'ALX1', 'PROP1', 'PHOX2B'}	7	1
rs112474962	{'TFAP2A', 'ZNF224'}	set()	3	2
rs12568575	{'FOXC2', 'FOXD1', 'FOXH1', 'FOXJ2', 'FOXQ1'}	{'POU3F4'}	4	4
rs112557609	set()	{'ZNF154', 'SP1'}	-2	-2
rs72675539	{'ZNF75A'}	{'ZNF440'}	0	0
rs11206747	{'TLX1', 'ZSCAN31', 'HMGA1'}	set()	3	3
rs371164664	set()	set()	4	0
rs706405	set()	set()	0	0
rs11312545	{'ZNF121', 'ZNF81', 'ZNF692', 'RORA', 'ZNF333'}	{'NFKB2', 'ZNF223', 'SREBF2'}	3	2
rs11712278	{'PPARA'}	set()	1	1
rs79328254	set()	set()	0	0
rs11908141	set()	{'SREBF2', 'HAND1', 'TFAP2A', 'ZNF394', 'ZNF787', 'NFKB1', 'NFKB2'}	-14	-7
rs61743785	{'ATF1'}	set()	1	1
rs740698	{'ZNF792', 'ZSCAN30', 'ZNF34', 'ZNF786', 'ZNF692', 'ZNF749'}	{'ZNF711', 'ZNF550'}	12	4
rs3786132	{'RXRG', 'RXRA', 'PPARA', 'NR2C2', 'RARA', 'NR1D1', 'RORA', 'NR2F6', 'ZNF223', 'NR2F1'}	{'HINFP'}	10	9
rs34531041	{'ZFP3'}	{'ZNF619'}	0	0
rs4968782	{'ZNF417', 'ZNF792', 'ZNF212', 'ZNF30', 'ZIM2'}	{'RFX1', 'ZNF345', 'ZNF555', 'ZNF787'}	1	1
rs145104304	{'PLAG1', 'IKZF1', 'GLI1', 'ZNF770', 'ZNF135', 'ZNF787', 'ZFP14', 'ZNF582', 'GLI2', 'ZNF260', 'ZNF283'}	{'ZNF264'}	10	10
rs7922049	{'NANOG', 'FEZF1'}	{'CUX2', 'ZNF79'}	-1	0
rs72831369	{'GRHL1'}	{'RORA'}	0	0
rs2236295	{'ZSCAN22', 'ZNF799', 'ZNF219', 'EGR2', 'ZNF121', 'ZNF322', 'ZNF141', 'CXXC1', 'WT1', 'ZNF776', 'NR0B1', 'EGR1', 'ZIC1', 'ZNF444', 'EGR3'}	{'ATOH1', 'ATOH7', 'HAND1', 'ASCL1', 'ZNF181', 'ZNF394', 'ZNF787', 'ZNF101', 'ZNF786', 'ZNF701', 'TOPORS', 'ZBTB42'}	23	3
rs12946848	{'ZNF776'}	set()	3	1
rs10605604	{'ZNF354A', 'FOXP3', 'ZNF35', 'ZNF235'}	{'POU4F1'}	6	3
rs2723067	{'ZIM3'}	{'IRF1', 'IRF3', 'ZNF713', 'ZNF84', 'ZSCAN9', 'STAT2'}	22	-5
rs2540945	set()	{'ZNF98', 'ZNF713'}	-3	-2
rs4776796	{'SOX3'}	set()	1	1
rs75392157	set()	{'PRDM4'}	-1	-1
rs77431689	{'ZNF224'}	{'ZNF197', 'ZNF573', 'ZNF596'}	-1	-2
7:73437646:G:A	{'TFAP2A', 'ZNF454'}	{'ZNF486', 'FOXF1', 'MESP1'}	6	-1
7:73437650:G:A	{'ZBTB4', 'ZNF12', 'ZNF443', 'ZNF454'}	{'ZNF584', 'ZNF71'}	5	2
7:73442334:G:A	{'ZNF621'}	{'ZNF205', 'PRDM4'}	5	-1
7:73448501:T:A	{'ZNF93'}	{'ZNF770', 'TFAP2A', 'ZNF135', 'ZNF267', 'ZNF596', 'TFAP2C', 'ZNF436'}	-11	-6
14:73603233:G:A	{'ZNF605', 'BHLHA15', 'ZNF808'}	{'ZNF565'}	6	2
rs12591513	{'ZNF524'}	set()	1	1
rs12594062	{'ZNF90', 'SREBF2', 'ZNF224', 'ZKSCAN5', 'ZNF223'}	{'ZNF141'}	4	4
rs11630478	{'ZNF28', 'ZNF765'}	set()	2	2
rs10514393	{'SCRT2'}	set()	2	1
rs4887818	{'ZNF880', 'RARA', 'NR1D1', 'KLF17', 'ZIC1', 'SP1'}	{'ZFP69B', 'INSM1', 'ZNF197', 'ZNF180', 'KLF10', 'ZNF100', 'ZNF566', 'ZNF460', 'CTCF'}	-4	-3
rs3863445	{'ZNF264', 'NFIX', 'PRDM14', 'RHOXF2'}	{'E2F7', 'ZNF304', 'ZNF219'}	2	1
rs3851734	{'MTF1'}	{'ZNF93'}	1	0
rs3863446	{'ZNF441', 'SP4', 'SP1'}	{'ZNF32', 'ZNF749'}	3	1
rs3851737	set()	{'ZNF791', 'ZNF121'}	-3	-2
rs77261456	set()	{'ZNF620', 'ZNF25'}	-6	-2
rs8054769	{'SOX7', 'ZNF558'}	{'POU3F1', 'POU5F1B', 'POU3F2', 'ZNF280A', 'POU2F3', 'POU1F1', 'FOXA1', 'POU2F1'}	-12	-6
6:7541776:G:A	{'ZNF682', 'EGR2', 'LIN28A', 'IKZF3', 'KLF14', 'SP4', 'HIVEP1', 'NR0B1'}	{'ZNF19', 'ZNF524', 'ZSCAN22'}	54	5
6:7541847:C:G	{'ZNF860', 'CXXC1', 'ZNF44', 'ZNF223', 'ZIC4'}	{'ZNF148', 'PLAG1', 'ZNF71', 'INSM1', 'ZNF529', 'MZF1', 'WT1', 'ZNF124', 'ZNF467', 'PRDM9', 'ZNF444', 'ZNF281'}	-11	-7
16:75419437:G:GAAAAAAAT	set()	{'ZNF35', 'ZNF492', 'ZNF879'}	-43	-3
rs35251820	{'PRDM14'}	{'PRDM6', 'MYNN', 'ZNF25'}	-2	-2
rs2285224	{'ZSCAN5C', 'T', 'BACH1', 'NFE2'}	{'ZNF17', 'ZNF506', 'ZNF460', 'ZNF283', 'PAX1', 'XPA', 'ZNF30'}	-1	-3
rs2285223	{'ZNF776', 'ZSCAN22'}	{'TCF4', 'TCF3', 'SNAI1', 'MESP1', 'SNAI2', 'NR1D1', 'TCF12', 'RORA', 'FIGLA', 'ZNF30', 'ZNF311'}	-10	-9
rs11864587	{'ZSCAN16', 'ZNF182'}	{'HOXD8', 'ZNF487', 'ZNF716', 'ZNF3'}	-2	-2
rs60937209	set()	{'ZNF669', 'T', 'ZBTB7C'}	-1	-3
rs12599361	{'ZNF90', 'SMAD1', 'ZNF730', 'ZNF780A'}	{'ZNF675'}	2	3
rs12443904	set()	{'SOX3', 'SOX17', 'SOX9', 'SOX1', 'ZNF584'}	-5	-5
rs12924782	{'ZNF774', 'ZNF181', 'ZNF34', 'ZFP14', 'ZNF660', 'ZNF662', 'ZNF614', 'ZNF260', 'ZNF780A'}	{'ZNF547'}	8	8
rs12924920	set()	{'ZFP30', 'ZNF235', 'SMAD4'}	-5	-3
rs35261357	{'GLI1', 'ZFP14', 'ZNF582', 'ZNF383', 'GLI2', 'ZNF460', 'ZNF611', 'ZNF30'}	{'ZNF774', 'ZNF19', 'TFDP1', 'PURA', 'ZNF254'}	4	3
rs12928722	{'ZNF276'}	{'ZBTB6'}	0	0
rs11642572	{'ZNF443'}	set()	2	1
rs34841467	{'NR2C1', 'ZNF675', 'ZNF90', 'MITF'}	{'ESRRA', 'NR4A1', 'NR5A1', 'ESRRB'}	-2	0
rs11649638	{'ESR1', 'ZNF519', 'ZNF770', 'ZNF181', 'ZSCAN23', 'ZNF660', 'ZNF460'}	{'ZNF429'}	7	6
10:75757565:C:A	{'GLIS2', 'GLIS1', 'ZNF100', 'ZNF454', 'ZNF343', 'ZNF436'}	{'ZNF432', 'ZNF586', 'ZNF770', 'ZNF263', 'ZFX', 'ZNF394', 'ZNF468', 'ZFP14', 'ZNF467', 'PLAGL1', 'ZNF486', 'ZNF530'}	-5	-6
rs369477964	{'GTF3A', 'ZNF860', 'ZNF431'}	{'ZNF586', 'ZNF704', 'ZSCAN30', 'ZNF267', 'ZNF486', 'ZNF264'}	-2	-3
rs6886783	{'ZNF212', 'ZNF322'}	{'YY2'}	1	1
rs965829	{'ZNF774'}	{'ZNF432', 'CLOCK', 'MNT', 'MLX', 'MYCL', 'BHLHE40', 'ZNF791', 'MLXIPL', 'USF1', 'HES1', 'TCFL5', 'HES5', 'ZNF528', 'ZNF263', 'HES6', 'CCDC169-SOHLH2', 'HELT', 'SNAI1', 'ARNT', 'TCF12', 'MITF'}	-44	-20
rs13357564	{'RORA', 'NR1D1', 'ZNF224'}	{'ZNF10', 'NR6A1'}	2	1
rs28437030	set()	{'ZNF805'}	-3	-1
rs6886295	{'ZSCAN22', 'ZNF304', 'ZNF148', 'PLAG1', 'ZNF219', 'ZNF202', 'GLIS2', 'ZNF460', 'ZNF529', 'GLIS1', 'ZNF468', 'NR0B1', 'ZNF100', 'PATZ1', 'XPA', 'ZNF444'}	{'ZNF90', 'TCF4', 'ZNF416', 'ZNF554', 'TCF3', 'SNAI1', 'MESP1', 'SNAI2', 'TCF12', 'ZNF662', 'FIGLA', 'ZNF30', 'ZNF311', 'ZNF780A'}	1	2
rs9443622	{'NFKB2'}	set()	1	1
rs7753358	{'LIN54'}	set()	9	1
rs3805747	{'ZNF416'}	set()	1	1
rs77994471	set()	{'ZIK1', 'PRDM6'}	-7	-2
rs6915558	{'HOXD8', 'HNF1A'}	{'POU3F1', 'ZNF354A'}	-2	0
rs9361488	set()	{'SOX13'}	-2	-1
rs35199222	{'HINFP', 'ZNF662', 'NFKB1'}	{'NR1I3'}	3	2
rs28594563	{'XPA', 'ZNF555', 'ZNF264'}	{'ZNF329', 'ZSCAN5A'}	3	1
rs369895487	{'ZNF175'}	set()	-2	1
rs6055971	set()	set()	0	0
rs11478396	set()	set()	8	0
rs3034787	{'POU3F3', 'POU4F1', 'ZNF525', 'ZNF74'}	set()	9	4
rs6039220	{'IRF3'}	{'ZNF384', 'LCOR'}	-2	-1
rs11105337	{'ZNF35'}	set()	1	1
rs11105375	{'ALX1', 'ZNF85', 'ZNF443', 'RHOXF2', 'ARX'}	set()	7	5
rs1401981	set()	{'ZNF25', 'ZNF570'}	-9	-2
rs12906125	set()	{'ZNF385D'}	15	-1
rs35346340	{'SPZ1', 'TCF4', 'MXI1', 'ATOH7', 'TCF3', 'ZEB1', 'FIGLA'}	{'HINFP'}	26	6
rs42377	{'ATF6', 'FOSL2', 'BACH1', 'AC023509.3', 'ATF4', 'ATF3', 'FOS', 'JUN', 'BATF3', 'ATF7', 'ATF2'}	set()	29	11
rs2282978	{'ZNF75A'}	{'DPRX'}	0	0
rs1890683	{'ZNF416', 'ZFX', 'ZNF776', 'ZNF419', 'ZNF662', 'ZNF260', 'ZNF780A'}	set()	7	7
rs9662255	set()	set()	0	0
rs148872264	{'ZNF324', 'ZNF177'}	{'ZNF174'}	0	1
rs140802080	{'ZNF324B'}	set()	2	1
rs148488413	{'IRF4', 'FOXD1'}	{'HMG20B'}	-3	1
rs111835543	{'ZNF143', 'ZNF41', 'ZNF93', 'ZNF708'}	{'ZNF202', 'ZNF441', 'ZFX', 'ZNF543', 'ZNF394', 'ZNF100', 'SP4', 'ZNF213', 'ZNF460', 'SP1'}	-11	-6
rs11187793	{'ZNF792', 'ZNF777', 'ZNF787'}	{'ZBTB34', 'PRDM9', 'ZNF430'}	2	0
rs1806920	{'RARA', 'ZNF223'}	set()	3	2
rs2689691	{'MEIS3', 'ZNF222', 'PKNOX2'}	{'ATOH1'}	-1	2
rs7070115	set()	{'E2F6', 'ZNF777'}	-3	-2
rs6707583	{'ZNF285'}	{'MEF2A', 'ZNF716', 'HMGA1', 'MEF2D', 'BORCS8-MEF2B'}	-4	-4
rs375609409	{'ZNF432', 'ZNF304', 'ZNF765', 'KLF10', 'ZNF320', 'ZIM2'}	{'ZNF529', 'YBX1'}	14	4
rs2969477	{'ZSCAN22', 'ZNF416', 'ZIM2'}	{'TP63', 'ZNF527'}	1	1
rs2918929	{'ZNF554', 'ZNF787', 'ZNF180', 'ZFP14', 'ZNF260', 'ZNF311', 'ZNF662'}	{'ZNF784', 'ZNF283', 'ZNF383', 'SP1'}	3	3
rs13009727	{'ZFP3'}	{'ZFP30', 'ZNF891', 'SP8', 'SP4', 'ZNF12', 'ZNF611', 'ZNF707', 'ZNF431'}	39	-7
